<?xml-stylesheet type="text/xsl" href="GDNFunctions.xsl"?>
<function name="max" namespace="http://gotdotnet.com/exslt/dates-and-times" prefix="date2">
    <syntax>
        <return>string</return>
        <params>
            <param>node-set</param>
        </params>
    </syntax>
    <description>
        <p>The <tt>date2:avg</tt> function returns maximum duration.<br/> 
       String values of nodes in the argument nodeset must be in the format defined for xs:duration in [<a href="http://www.w3.org/TR/xmlschema-2/#duration">3.2.6 duration</a>] of [<a href="http://www.w3.org/TR/xmlschema-2/">XML Schema Part 2: Datatypes</a>].</p>
        <p>If the argument is empty nodeset or string value of any node in the nodeset is not in correct format, empty string is returned.</p>
        <p>The return value is a string in the format defined for xs:duration in [<a href="http://www.w3.org/TR/xmlschema-2/#duration">3.2.6 duration</a>] of [<a href="http://www.w3.org/TR/xmlschema-2/">XML Schema Part 2: Datatypes</a>].</p>
    </description>
    <sample>
        <source><![CDATA[
<root>
    <timespan>P1M</timespan>
    <timespan>P3M</timespan>
</root>]]></source>
        <stylesheet><![CDATA[
<xsl:stylesheet version="1.0" 
xmlns:xsl="http://www.w3.org/1999/XSL/Transform" 
xmlns:date2="http://gotdotnet.com/exslt/dates-and-times">
    <xsl:template match="/">
Maximum time interval is 
<xsl:value-of select="date2:max(root/timespan)"/>.
    </xsl:template>
</xsl:stylesheet>]]></stylesheet>
        <result>Maximum time interval is P90D.</result>
    </sample>
</function>
