<?xml-stylesheet type="text/xsl" href="GDNFunctions.xsl"?>
<function name="day-name" namespace="http://gotdotnet.com/exslt/dates-and-times" prefix="date2">
    <syntax>
        <return>string</return>
        <params>
            <param optional="yes">string</param>
            <param>string</param>
        </params>
    </syntax>
    <description>
        <p>The <tt>date2:day-name</tt> function is I18N extension of 
        the <a href="http://exslt.org/date/functions/day-name/index.html"><tt>date:day-name</tt></a> function.<br/>        
        Second non-optional argument is valid according to RFC 1766 culture name 
        (supported by <a href="http://msdn.microsoft.com/library/default.asp?url=/library/en-us/cpref/html/frlrfSystemGlobalizationCultureInfoClassTopic.asp">System.Globalization.CultureInfo</a> class 
        of .NET framework) in "&lt;languagecode2&gt;-&lt;country/regioncode2&gt;" format, e.g. 
        "en-US" or "he-IL".
        </p>
    </description>
    <sample>
        <source><![CDATA[
<root>
    <date>2004-09-01</date>
</root>]]></source>
        <stylesheet><![CDATA[
<xsl:stylesheet version="1.0" xmlns:xsl="http://www.w3.org/1999/XSL/Transform"
xmlns:date2="http://gotdotnet.com/exslt/dates-and-times" exclude-result-prefixes="date2">   
  <xsl:template match="root">
Day name in Russian: <xsl:value-of select="date2:day-name(date, 'ru-RU')"/>
  </xsl:template>
</xsl:stylesheet>]]></stylesheet>
        <result>Day name in Russian: среда</result>
    </sample>
</function>

