<?xml-stylesheet type="text/xsl" href="GDNFunctions.xsl"?>
<function name="avg" namespace="http://gotdotnet.com/exslt/math" prefix="math2">
    <syntax>
        <return>number</return>
        <params>
            <param>node-set</param>
        </params>
    </syntax>
    <description>
        <p>The <tt>math2:avg</tt> function returns average value of the nodes passed as the argument.</p>
        <p> If the node set is empty, or if the result of converting the string values of any of the nodes to a number is NaN, then NaN is returned.</p>
    </description>
    <sample>
        <source><![CDATA[<values>
    <value>7</value>
    <value>11</value>
    <value>8</value>
    <value>4</value>
</values>
]]></source>
        <stylesheet><![CDATA[<xsl:stylesheet version="1.0" 
xmlns:xsl="http://www.w3.org/1999/XSL/Transform" 
xmlns:math2="http://gotdotnet.com/exslt/math" 
exclude-result-prefixes="math2">
    <xsl:template match="/">
        <avg>
 Average value: <xsl:value-of select="math2:avg(values/value)"/>.
        </avg>
    </xsl:template>
</xsl:stylesheet>
]]></stylesheet>
        <result> Average value: 7.5.</result>
    </sample>
</function>

