<?xml-stylesheet type="text/xsl" href="GDNFunctions.xsl"?>
<function name="lowercase" namespace="http://gotdotnet.com/exslt/strings" prefix="str2">
    <syntax>
        <return>string</return>
        <params>
            <param>string</param>
        </params>
    </syntax>
    <description>
        <p>This function returns a copy of argument string in lowercase, using the casing rules of the current culture.</p>
    </description>
    <sample>
        <source><![CDATA[<input>The Quick Brown Fox Jumps Over a Lazy Dog.</input>]]></source>
        <stylesheet><![CDATA[<xsl:stylesheet version="1.0" 
xmlns:xsl="http://www.w3.org/1999/XSL/Transform"
xmlns:str2="http://gotdotnet.com/exslt/strings" 
extension-element-prefixes="str2">
    <xsl:template match="/">
        <out><xsl:value-of select="str2:lowercase(input)"/></out>
    </xsl:template>
</xsl:stylesheet>]]></stylesheet>
        <result><![CDATA[<out>the quick brown fox jumps over a lazy dog.</out>]]></result>
    </sample>
</function>
