<?xml-stylesheet type="text/xsl" href="GDNFunctions.xsl"?>
<function name="subset" namespace="http://gotdotnet.com/exslt/sets" prefix="set2">
    <syntax>
        <return>boolean</return>
        <params>
            <param>node-set</param>
            <param>node-set</param>
        </params>
    </syntax>
    <description>
        <p>The <tt>set2:subset</tt> function returns true if all the nodes in the first argument nodeset are contained 
in the second argument nodeset.</p>
    </description>
    <sample>
        <source><![CDATA[<doc>
    <city name="Paris" country="France"/>
    <city name="Madrid" country="Spain"/>
    <city name="Vienna" country="Austria"/>
    <city name="Barcelona" country="Spain"/>
    <city name="Salzburg" country="Austria"/>
    <city name="Bonn" country="Germany"/>
    <city name="Lyon" country="France"/>
    <city name="Hannover" country="Germany"/>
    <city name="Calais" country="France"/>
    <city name="Berlin" country="Germany"/>
</doc>]]></source>
        <stylesheet><![CDATA[<xsl:stylesheet version="1.0" 
xmlns:xsl="http://www.w3.org/1999/XSL/Transform" 
xmlns:set2="http://gotdotnet.com/exslt/sets" 
exclude-result-prefixes="set2">
    <xsl:template match="doc">
        <out>
            <xsl:variable name="all-cities" select="city"/>
            <xsl:variable name="all-spanish-cities" select="city[@country='Spain']"/>
            Set of Spanish cities is a subset of all cities, right? 
            <xsl:value-of select="set2:subset($all-spanish-cities, $all-cities)"/>
            Set of all cities is a subset of Spanish cities, right? 
            <xsl:value-of select="set2:subset($all-cities, $all-spanish-cities)"/>
        </out>
    </xsl:template>
</xsl:stylesheet>]]></stylesheet>
        <result><![CDATA[<out>
            Set of Spanish cities is a subset of all cities, right? 
            true
            Set of all cities is a subset of Spanish cities, right? 
            false
</out>]]></result>
    </sample>
</function>

